// PLOT_CODE;TIME_PERIOD;DBH_CLASS;SPECIES_CODE;NATIONAL_SPECIES_CODE;BASAL_AREA;COMMENT
21573-F1000-6-6T;5;2;031.001.041;25M;0.676133548544388;test basal area
81557-11000-9-8T;5;2;036.004.011;3;2.37462768317047;test basal area
57592-13000-2-2T;5;2;026.002.001;64;23.5115588559347;test basal area

